paper_id,first_author,year,journal,n,ethnicity,mean_bsa,mean_annulus_mm,valve_type,enlargement_technique,label_valve_size_mm,mortality_30d_pct,stroke_pct,pacemaker_pct,aki_pct,ppm_severe_pct,ppm_moderate_pct,mean_gradient_postop_mmHg,survival_1y_pct,survival_5y_pct,survival_10y_pct,viv_feasibility_assessed,notes
Abdelfattah_TAVRvsSAVRSmallAnnuliMeta_IntJCardiol_2024,Ayyad M,2024,Int J Cardiol,9 studies / 2;476 patients (TAVR 1;259; SAVR 1;217),"partial (Nishigawa 2023, Kamioka 2018 を含む)",NR (各研究で異なる),SAA: 通常 ≤21mm または ≤23mm（included study により定義差あり）,TAVI vs SAVR (両者を含む),なし／一部 SAVR で含む（個別研究依存）,NR,OR 0.65; 95%CI 0.09–4.61; p=0.22 (NS),OR 2.87; 95%CI 0.19–42.43; p=0.34 (NS),**OR 2.76; 95%CI 1.13–6.75; p=0.04 (SAVR 有利)**,NR,**OR 0.53; 95%CI 0.39–0.72; p≤0.0001 (TAVR 有利)**,**OR 0.6; 95%CI 0.44–0.84; p=0.01 (TAVR 有利)**,0; 95%CI −0.35–0.34; p=0.98 (差なし),NR,NR,NR,no（言及のみ）,30-day + 2-year
Alperi_PPIPostViVTAVR_JACC_2021,Alperi A,2021,JACC,1;987 patients without prior PPM (2007–2020),no (主に欧米),1.86±0.24 m² overall,外科弁サイズは本研究 focus でない、THV size が大きい程 PPI 増加,"TAVI (CoreValve, Evolut R/Pro, SAPIEN/XT/3, Acurate, Portico, Lotus) inside failed bioprosthesis",なし,NR,4.7%,NR,128/1987 = 6.4%,NR,NR (本論 focus 外),NR,NR,NR,NR,NR absolute,yes,Median 13 months (IQR 3–41)
Bavaria_RESILIAvsContemporaryPARTNER2ADurability_JCompEffRes_2023,Bavaria JE,2023,J Comp Eff Res,689,no,mixed (Western),mixed,bioprosthetic (Inspiris RESILIA vs Magna/Mosaic/Hancock/Trifecta),NR,NR,NR,NR,NR,NR,NR,NR,NR,NR,NR,NR,no,5 years (PARTNER 2A) / 5 years (COMMENCE)
Beckmann_SuturelessVsRootEnlargement_ICVTS_2016,Beckmann E,2016,ICVTS,128,no,1.8 ± 0.2 m² 両群,Projected indexed EOA ≤0.89 cm²/m²; measured annulus 19–20 mm (mean ~20 mm range 17–22),sutureless (Perceval) vs ARE (Carpentier-Edwards / Mitroflow),Nicks ARE (autologous pericardium または Dacron パッチ),NR,6% (2/36) / 2% (2/92) / n.s.,NR,6% / 15% / n.s.,NR,6% (2/36) / 11% (8/72) / n.s.,NR,13 ± 6 / 16 ± 5 / 0.001,76% / 92% / n.s.,76% / 54% / n.s.,NR,partial,Mean 4.4 ± 2.8 yr (ARE) / 2.9 ± 1.6 yr (Sutureless)
Berretta_SuturelessBicuspidSURDIR_AnnCardiothoracSurg_2020,Miceli A,2020,Ann Cardiothorac Surg,191,no,BMI 26.6 ± 4.5 (BSA NR),BAV cohort; valve size Perceval S-XL / Intuity 19–27mm 全サイズ,sutureless (Perceval 46.1%) + rapid-deployment (Intuity 53.9%),n/a (commissural plication / 三尖化 remodeling のみ),NR,1.6% (3/191),3.8%,7.9% (Perceval 5.7% / Intuity 9.7%; n.s.),NR,NR,NR,18.5 ± 3.9 mmHg,NR,NR,NR,yes,in-hospital のみ
Berretta_SuturelessVsRapidDeployment_AnnThoracSurg_2022,Berretta P,2022,Ann Thorac Surg,4695,no,BSA 1.79–1.86 m² (overall) / 1.81–1.84 (matched isolated AVR),"全サイズ含む (Perceval S/M/L/XL, Intuity 19–27mm)",sutureless (Perceval) vs rapid-deployment (Intuity),n/a,NR,1.6% / 1% / .51,4.5% / 2.8% / .22,11.1% / 10.3% / .52,NR,NR,NR,14.5 ± 5.9 / 11.6 ± 5.5 / <.001,NR,NR,NR,yes,in-hospital のみ
Blackman_REVALVEDesign_IntJCardiol_2025,Blackman DJ,2025,Int J Cardiol,Planned 300 redo TAVI + 50 EXPLANT + 200 OMT (total ~550),no (Europe + Middle East 11 countries),NR (design paper),TAV BVF eligible（特定 annulus criteria は study population-defined）,Redo TAVI (main) vs surgical explant + SAVR (EXPLANT) vs OMT,なし（design paper）,NR,TBD (study 進行中),TBD,TBD,TBD,TBD (primary endpoint に含む),TBD,TBD (primary: <20 mmHg),TBD (1-yr composite に含む),TBD,NR (study not designed for),yes（中心）,5 years (clinical + echo)
Bonini_HemodynamicModelingYIncisionAAE_JCardiovascTranslRes_2025,Mia Bonini,2025,JCardiovascTranslRes,15,no,1.9-2.3 m²,19-25mm,bioprosthetic,Y-incision,NR,NA (modeling),NR,NR,NR,NR,NR,NR,NR,NR,NR,yes,NA
Cangut_MitralValveYIncisionConcomitant_JTCVSTech_2026,Busra Cangut,2026,JTCVSTech,15,no,1.6-2.0 m² (median 1.9),17-21mm (median 19mm),mixed,Y-incision,NR,2/15 (13%) (radiation 多弁+CAD 2 例),0/15 (0%),NR,NR,NR,NR,NR,NR,NR,NR,yes,early
Chen_YIncisionRationaleTechniqueOutcomes_AnnThoracSurg_2025,Sarah A. Chen,2025,AnnThoracSurg,165,no,not specified,17-25mm (normal range),mixed,Y-incision,NR,'favorable' (実数記載なし),NR,NR,NR,NR,NR,5 mmHg (vs TAVR 統計的有意に良好),NR,NR,NR,yes,up to 3 yr
DOnofrio_ViVValveSizing_AnnThoracSurg_2016,D'Onofrio A,2016,Ann Thorac Surg,65 patients (VIV-A 44; VIV-M 22; 1 combined),no (Italy),"VIV-A 1.74±0.21 m², VIV-M 1.71±0.12 m²","外科弁 internal diameter (ID): <20mm, 21–23mm, >23mm に層別","TAVI (CoreValve 12, SAPIEN/XT 32 in VIV-A) inside failed surgical bioprosthesis",なし,NR,4/65 (6%),0,0,2/65 (3%),NR (具体数本文断片外、severe stenosis = 上記 3 例で代替),NR,3/44 VIV-A (6.8%) — 全例 ID <20mm,84.4 ± 4.9%,NR,NR,yes (中心),Mean 14±14 months
Dvir_VIVIDOriginalAorticViV_JAMA_2014,Dvir D,2014,JAMA,459 patients; 2007-May 2013,"no (Europe, NA, Australia, NZ, Middle East)",1.85±0.22 m² overall (small group: stenosis subset BMI 27.7 が比較的大）,"外科弁 label size：small ≤21mm (29.7%), intermediate >21 <25mm (39.3%), large ≥25mm (31%)","TAVI (CoreValve 213, BE-Edwards SAPIEN/XT 246) inside failed bioprostheses",なし（ViV のみ）,NR,7.6% (35/459),1.7% (8/459),NR (本文断片),NR,NR (具体数字本文 Table、 small valve に集中),NR,High gradient (≥20 mmHg) ≈ 28.4% (本文 figure),**83.2% (95%CI 80.8–84.7)**,NR (本論で報告なし),NR,yes (中心テーマ),30-day + 1-year (Kaplan-Meier 計算)
Fikani_TechnicalModificationsYIncision_ThoracCardiovascSurg_2026,Amine Fikani,2026,ThoracCardiovascSurg,institutional series (numbers not given),no,not specified,not specified,not specified,Y-incision,NR,NR,NR,NR,NR,NR,NR,NR,NR,NR,NR,no,NA
Gan_YIncisionChimneyMVRDoubleAnnuli_AnnThoracSurg_2026,Li-Xi Gan,2026,AnnThoracSurg,NA (correspondence),yes,not specified,double small (aortic + mitral),mixed,Y-incision + Chimney MVR,NR,NR,NR,NR (claim: 'markedly reduced'),NR,NR,NR,NR,NR,NR,NR,no,NA
Goldstone_MechanicalBiologicAVR_NEJM_2017,Goldstone AB,2017,NEJM,9942,partial (Asian/Pacific Islander 4.1-11.2% in 4 race strata),N/A,N/A (valve size data not in administrative DB),Mechanical vs Biologic (aortic and mitral),N/A,NR,NR (AVR では NS; MVR 40-49 歳で bio 不利),Mechanical で多い (一部 age),NR,NR,NR (administrative DB),NR,NR,図示 KM curves で確認,NR (table 内には別途),NR,no,中央値 5.0-8.2 年 (最長 15 年解析)
Hase_EvolutRvsSAPIEN3JapaneseSmallAnnulus_CCI_2021,Hiromu Hase,2021,Catheter Cardiovasc Interv,576,yes,<1.6,≤21mm,TAVI,none,NR,NR,4.3% / 0% / 0.25,16.7% / 10.1% / 0.27,5.8% / 5.8% / 1.00,1.5% / 3.0% / 1.00,7.7% / 17.9% / 0.08,9.0 (6.0-12.0) mmHg / 12.0 (10.0-14.8) mmHg / <.001,NR,NR,NR,yes,1 year
Hassler_AreNicksManouguianObsolete_SeminThoracCardiovascSurg_2024,Kenneth R. Hassler,2024,SeminThoracCardiovascSurg,119,no,2.0 m² (1.8-2.2),median 21mm (19-23),mixed,Y-incision,NR,0.8% (1/119) (radiation + 多弁 + MAZE + CABG → POD35 mesenteric ischemia),0.8% (1/119; exacerbation),1.6% (2/119; 1 例は endocarditis + Gerbode fistula),0%,0%,NR,6 mmHg (5-9),NR,NR,NR,yes,median 1 yr (up to 24 mo)
Head_PPMLongTermSurvivalMeta_EHJ_2012,Head SJ,2012,EHJ,27186,"partial（34研究中 study location Asia 含む; Sakamoto 2010, Tsutsumi 2008, Ryomoto 2008, Kato 2007/2008, Tao 2007, Hanayama 2002 など）",NR（集約）,NR（集約）,Bioprosthetic / Mechanical / Mix,言及あり（PPM予防の手段として）,NR,NR（長期生存focus）,NR,NR,NR,1.84 (1.38-2.45),1.19 (1.07-1.33),NR,NR,NR,NR,"言及あり（TAVIでPPM率低い: 11%, 17.8%）",study mean 2.5-10 yr
Herrmann_SMARTBioprostheticValveDysfunction_2025,Herrmann HC,2025,Circ Cardiovasc Interv,715 (SEV 350; BEV 365); 87% female,no,BSA per 0.1m² が BVD 独立予測因子 (OR 1.27),≤430 mm² (median 386 mm²; range 270–430),TAVI (SEV Evolut vs BEV SAPIEN),なし（TAVI 同士比較）,NR,NR (primary report 参照),NR (primary report 参照),NR (primary report 参照),NR,詳細 Figure B; SEV<BEV (全 BVD 定義で SEV 優位),NR,mean gradient ≥20 mmHg を BVD 一要素として組込,NR,follow-up 予定（未到達）,NR,no（ただし BVF 5年 follow-up に言及）,12 months（5年予定）
Herrmann_SMARTRationaleDesign_AmHeartJ_2022,Herrmann HC,2022,Am Heart J,n≈700 planned,no,not specified at design,aortic annulus area ≤430 mm² by MDCT,TAVI (SEV Evolut PRO/PRO+ vs BEV SAPIEN 3/3 Ultra),N/A,NR,NR,NR,NR,NR,NR,NR,NR,NR,NR,NR,no,"12 months primary, 5 years total"
Herrmann_SMARTTrial_NEJM_2024,Herrmann HC,2024,NEJM,716,no,1.8±0.2 m²,aortic annulus area ≤430 mm² by MDCT (mean 381.9±34.1 mm²),TAVI (SEV Evolut PRO/PRO+/FX vs BEV SAPIEN 3/3 Ultra),N/A (TAVI vs TAVI),NR,NR,9.4% / 10.6% / −1.2pp; P<0.001 for non-inferiority,12.1% / 7.8% / HR 1.61 (P=NS),NR,11.2% / 35.3% / −24.1pp; P<0.001,NR,7.7±4.0 / 15.7±6.7 / −8.0; P<0.001,NR,NR,NR,no,12 months (powered); 5-year planned
Hu_17mmRegentPPMMatter_JCardiothoracSurg_2014,Jia Hu,2014,J Cardiothorac Surg,106,yes,1.6-1.8,<19mm,mechanical,none,NR,2.8% (3/106: 脳梗塞; 呼吸不全; LOS),NR (peri 1/106死亡含む),2/106 (1.9%),NR (preop renal insuff 7.5%),8/114 (7.0%; 別解析),46/106 (43.4%),17.2 ± 6.0 mmHg → follow-up 17.9 ± 6.8,96.2%,80.5%,NR,no,mean 52.6 mo
Izumi_JCS2020VHDGuideline_CircJ_2020,Izumi C,2020,Circ J,n/a,yes,n/a (PPM 定義は BMI 別に細分: <30 vs >30),small annulus を Table 33 で明示 ('Small annulus highly expected patient-prosthesis mismatch'),ranged (mechanical / bioprosthetic / TAVI / 一部 stentless・sutureless 言及),"Aortic root enlargement への明文記載は限定的; ただし 'selection of valve (size and type) at first SAVR is important, given the potential for future valve-in-valve procedures' と narrative 推奨 (line 8372-8374)",NR,NR,NR,NR,NR,NR,NR,NR,NR,NR,NR,yes,n/a
Kamioka_TAVRvsSAVRSmallAnnulus_IntHeartJ_2019,Kamioka N,2019,IntHeartJ,94,yes,1.38 ± 0.14 m²（TAVR 1.37 / SAVR 1.38）,"≤20 mm（TEE 計測, mean 19.1 mm）","TAVR: Sapien XT 23mm; SAVR: Mosaic Ultra 19/21mm, Magna Ease 19/21mm",なし（SAVR で AAE/root replacement は施行されず）,NR,TAVR 0% / SAVR 0%,TAVR 8.6% / SAVR 0% (P=0.05),TAVR 5.7% / SAVR 3.4% (P=0.63),TAVR 2.9% / SAVR 3.4% (P=1.00),TAVR 2.9% vs SAVR 22.0% (P=0.01),NR（severe のみ報告）,TAVR < SAVR（具体値は Figure 1）; 6 ヶ月で持続,NR,NR,NR,no,20.6 ± 9.3 ヶ月
Khan_BASILICA1yrOutcomes_CircCardiovascInterv_2021,Khan JM,2021,Circ Cardiovasc Interv,30 patients (parent trial),no,NR,"BASILICA eligibility per parent trial: VTC <4mm, coronary height <10mm, SOV <30mm, external-leaflet","TAVI (BE, SE) post-BASILICA in native or bioprosthetic",BASILICA,NR,1/30 (3.3%),3/30 (10%) — disabling 1; non-disabling 2,NR (本文断片),NR,NR,NR,改善維持、peak velocity baseline 4.8 → 1y stable,90%,NR,NR (FU continues),"yes (native 13, bioprosthetic 17)",1-year complete
Khan_BASILICARegistry_JACCCardiovascInterv_2021,Khan JM,2021,JACC Cardiovasc Interv,214 patients (Jun 2017–Dec 2020),"no (NA + Europe, 25 centers)",NR overall,CO risk criteria per BASILICA trial (eligibility),"TAVI BE 60.1% (SAPIEN XT/3/Ultra), SE 39.9% (Evolut R/Pro/Pro+, Acurate neo, Portico)",BASILICA,NR,2.8%,2.8%,NR (本文断片),NR,NR,NR,NR (本文断片),83.9%,NR,NR,yes (bioprosthetic 72.8%),"30-day primary, 1-year survival"
Khan_BASILICATrial_JACCCardiovascInterv_2019,Khan JM,2019,JACC Cardiovasc Interv,30 patients (4 centers; Feb–Jul 2018),no (US 4 centers),NR (本文断片),BASILICA eligibility: VTC <4mm / coronary height <10mm / SOV <30mm / external-leaflet bioprosthesis,"TAVI (BE, SE) with pre-procedural BASILICA leaflet laceration",BASILICA (electrosurgical leaflet laceration),NR,1/30 (3.3%),1/30 (3.3%),NR (本文断片),NR,NR,NR,NR,(別論文 Khan 2021),NR,NR,yes (native + bioprosthetic を含む),30-day primary; 1-year は別論文 (Khan 2021)
Kim_TwoBioprosthesesSmallAnnuli_JClinMed_2021,Kim DJ,2021,JClinMed,183,yes,1.55 ± 0.12 m²（matched cohort）,19 mm または 21 mm 弁を装着した小弁輪,Carpentier-Edwards (C-E) PERIMOUNT Magna (internally mounted) vs Trifecta (externally mounted),AAE 施行例 7 例は除外（中立比較）,NR,NR（'no late mortality' 記載のみ）,NR,NR (具体値),NR,両群 0%,NR,Trifecta 12.9 ± 4.8 vs C-E 15.0 ± 5.3 mmHg (P=0.044),NR (生存曲線は引用なし),NR,NR,no,"C-E 1.6±0.6年, Trifecta 2.1±0.8年"
Kitamura_YandIIncisionTechnique_AnnThoracSurgShortRep_2025,Tadashi Kitamura,2025,AnnThoracSurgShortRep,1,yes,1.3 m²,16.4×23.0mm,bioprosthetic,Y-and-I,NR,0 (uneventful 退院),NR/0,NR/0,NR/0,NR,NR,86.2 → 10.2 mmHg,NR,NR,NR,yes,early
Klautz_PERIGONPivotalAvalus_EJCTS_2017,Klautz RJM,2017,EJCTS,686,no,mixed (Western 中心、mean ≈1.86 m²),mixed (19-29mm),bioprosthetic (Medtronic Avalus),NR,NR,~1.5%,~3%,~7%,NR,NR,NR,NR,NR,NR,NR,no,1 year (early outcomes)
Lederman_BASILICAReview_JACCCardiovascInterv_2019,Lederman RJ,2019,JACC Cardiovasc Interv,N/A (educational review),N/A (review),N/A (review),"VTC <4mm, coronary height <10mm, SOV <30mm, external leaflet 等を high-risk として記載",TAVI (native + bioprosthetic),BASILICA (electrosurgical leaflet laceration),NR,NR,NR,NR,NR,NR,NR,NR,NR,NR,NR,yes,N/A
Lee_SelfvsBalloonExpandableTAVRSmallAnnulus_KoreanCircJ_2021,Lee YJ,2021,KoreanCircJ,70,yes,1.5 ± 0.2 m²（韓国人）,mean diameter ≤23mm or minimal ≤21mm (CT),Self-expanding: Evolut R/PRO 26mm; Balloon-expandable: SAPIEN 3 23mm,N/A (TAVR),NR,両群 0%,両群 0%,SE 11.1% / BE 8.0% (P=1.00),SE 4.4% / BE 4.0% (P=0.648),SE 0% / BE 4.0%,SE 8.9% / BE 32.0%; ≥moderate: SE 8.9% vs BE 36.0% (P=0.009),SE 8.9 ± 5.2 vs BE 11.7 ± 2.9 mmHg (P=0.005),NR,NR,NR,no,1 年
Leone_TAVISMALL2Registry_EuroIntervention_2023,Leone PP,2023,EuroIntervention,1;378 patients (SEV 1;092 / BEV 286; SAV 920 / IAV 458),no (主に欧州、Asian center 含まず明記),"1.65±0.19 m² overall (SAV 1.63 vs IAV 1.68, p<0.001)",Small annulus = annular perimeter <72mm or area <400mm² (CT),"TAVI (SEV: Evolut R/Pro, ACURATE neo, Portico; BEV: SAPIEN 3)",なし（TAVI 同士比較）,NR,NR(本文)、Kaplan-Meier evaluated / NR / NR / NR,NR / NR / NR / NR,NR(本文 summary) / NR / NR / NR,NR / NR / NR / NR,3.6% / 8.8% (p=0.007) / 4.6% / 8.7% (p=0.041),NR / NR / NR / NR,7.8±3.9 / 12.0±5.1 (p<0.001) / 8.0±4.1 / 13.6±4.7 (p<0.001),NR (Kaplan-Meier figures only) / NR / NR / NR,NR / NR / NR / NR,NR / NR / NR / NR,no (valve-in-valve は除外基準),All-cause mortality を Kaplan-Meier 評価
Maekawa_OptimalProsthesisSizeManouguian_ArtifOrgans_2002,Atsuo Maekawa,2002,ArtifOrgans,3,yes,not specified,not specified (small),mechanical,Manouguian (AVR+MVR),NR,0/3,1/3 (Case 3; temporary deficit),NR,0,NR,NR,NR,NR,NR,NR,no,1 mo postop echo + discharge
Makkinejad_NicksManouguianYIncisionComparison_AnnThoracSurg_2025,Alexander Makkinejad,2025,AnnThoracSurg,NA (letter),no,not specified,not specified,not specified,Y-incision,NR,NR,NR,NR,NR,NR,NR,NR,NR,NR,NR,no,NA
Makkinejad_SurgeonExperienceAAE_JTCVSOpen_2025,Alexander Makkinejad,2025,JTCVSOpen,202,no,mixed,not specified,mixed,combined,NR,0% / 2.4% (3) / 0.29,3.9% / 0.8% / 0.15,1.3% / 0% / 0.38,NR,26% (11/43) / 6.9% (5/72) / 0.005,23% / 6.9% / 0.02,8 / 7 / 0.005,NR,NR,NR,no,4 yr
Makkinejad_YIncisionVsTraditionalAAE_AnnCardiothoracSurg_2024,Alexander Makkinejad,2024,AnnCardiothoracSurg,206,no,mixed,21-23mm,mixed,Y-incision,NR,4.9% (5) / 2.9% (3) / 0.72,2.9% / 1.9% / >0.99,2.9% / 0% / 0.25,NR,23% (5/22) / 5.5% (3/55) / 0.039,18% / 5.5% / NR,10 mmHg / 7 mmHg / <0.001,95% / 97% / 0.54,NR,NR,yes,1 yr
Malfitano_ModifiedManouguianTechnique_JCardSurg_2022,Madison J. Malfitano,2022,JCardSurg,13,no,mixed (BSA up to >2.5),<19 to <25 mm,mixed,Modified Manouguian (Y-incision precursor),NR,0% (0/13),0%,NR,NR,NR,NR,NR,NR,NR,NR,no,30 days
Mao_MLPPMTAVRSmallAnnulus_CardiovascIntervTher_2026,Mao Y,2026,CardiovascIntervTher,273,yes,1.68 m² (中央値; IQR 1.58-1.81),perimeter <72 mm or area <400 mm² (CT),"SE 82.8%, BE 17.2%",N/A (TAVR),NR,NR,1.1%,8.7%,4.0% (acute kidney failure),61.2 mmHg,36.8 mmHg,61.2 mmHg,NR,NR,NR,no,2 年
Masaki_NicksModificationChildren_PediatrCardiol_2026,Naoki Masaki,2026,PediatrCardiol,1,yes,1.0 m²,21mm,mechanical,Nicks (modified) + small Y,NR,0 (uneventful 退院 POD9),0,0,0,0 (size 21 St Jude Regent in 21mm annulus),NR,TEE 直後 flow velocity 1.3 m/s,100%,NR,NR,no,3 yr
Meguro_JTVTSmallAnnulus_CircJ_2021,Meguro K,2021,CircJ,5870,yes,1.34 m² (小弁輪群) vs 1.42 m² (通常群),annulus area ≤314 mm² (MDCT),"SAPIEN XT/3 (BE), CoreValve/Evolut R (SE)",N/A (TAVR),NR,0% / 0% / NS,2.2% vs 1.4% (P=0.15),4.4% / 9.7% / 0.16,NR,2.6% vs 2.0%,15.6% vs 11.1% (P=0.002 全体差),10.0 (IQR 6.9-14.2) vs 8.5 mmHg (P<0.001),NR,NR,NR,no,30 日
Mohty_PPMLongTermAgeObesityLVD_JACC_2009,Mohty D,2009,JACC,2576,"no（Laval Hospital, Québec）","BSA: nonsig 1.8±0.2, moderate 1.8±0.2, severe 1.9±0.3 m²","prosthesis size ≤21mm: nonsignificant PPM 16%, moderate 38%, severe 80%","Stented bio 56%, Stentless 22%, Mechanical 22%",言及あり（管理戦略として）,NR,excluded（生存退院例のlate survival解析）,NR,NR,NR,2% (n=40),31% (n=797),nonsig 11±4; moderate 15±5; severe 21±9 mmHg,NR,nonsig 84±1%; moderate 81±2%; severe 74±8%,nonsig 61±2%; moderate 57±3%; severe 40±10%,no,"mean 4.8±3.4 yr (median 4.3, max 14)"
Mohty_PPMParadoxicalLowFlow_Circulation_2014,Mohty D,2014,Circulation,677,"no（Limoges, France）","BSA: noPLF/noPPM 1.76±0.2, PLF/PPM 1.82±0.18 m²","Prosthesis size: PLF/PPM 21.9±1.6, noPLF/noPPM 23.2±2 mm","Bioprosthesis (PLF/PPM 88%, all患者79%), mechanical",no root enlargement performed in this cohort,NR,4.4% 全体; noPLF/noPPM 3.0%; PLF/PPM 6%; p=0.43,NR,NR,NR,7%,47% (54-7),NR (table truncated; PLF/PPM群 worse),NR,80±2%,61±3%,言及あり（TAVI vs surgical）,mean 4.7±3 yr (median 4.5)
Moon_KoreanTAVRRegistrySmallAnnulus_JCardiovascInterv_2023,Moon IT,2023,JCardiovascInterv,660,yes,NR (mean BMI 24.1 kg/m²),mean diameter <20 mm (CT),"BEV (SAPIEN 3/XT), SEV (CoreValve/Evolut R)",N/A (TAVR),NR,NR (1-mo MACE 内) / NR / -,8.6% / 7.8% / NS,8.6% / 5.1% / 0.349,NR,6.2% / 3.8% / NS,16.7% / 16.1% / NS,13.2 ± 5.8 mmHg / 11.6 ± 5.0 / 0.020,NR,NR / NR / -,NR / NR / -,no,中央値 517 日
Okamura_17mmStJudeRegentMidterm_CircJ_2012,Homare Okamura,2012,Circ J,78,yes,<1.6,≤21mm,mechanical,none,NR,2.6% (2/78: 呼吸不全; 腸壊死),1/78 (1.3%),0% (none required),NR (preop renal insufficiency 12%),4/58 (6.9%),18/58 (31%),16.6 ± 6.8 mmHg,94.8%,78.7%,NR,no,mean 32.6 mo (max 70)
Okamura_17mmStJudeRegentValid_AnnThoracSurg_2009,Homare Okamura,2009,Ann Thorac Surg,23,yes,<1.6,≤21mm,mechanical,none,NR,0%,1/23 (4.3%; 脳梗塞),NR,NR,1/23 (4.3%),8/23 (35%; severe含む合計),17.0 ± 6.7 mmHg → follow-up 17.4 ± 8.2 mmHg,NR (2y 96%),NR,NR,no,mean 20±11 mo (max 39)
Okuno_ExtremelySmall20mmTHV_JACCAsia_2025,Okuno T,2025,JACCAsia,5086,yes,21.7 kg/m² BMI; BSA は記載されないが日本人女性中心,Mean annulus area 308 mm² (20mm THV group); CT-based,SAPIEN XT/3 20mm vs standard (23/26/29 mm) BE,N/A (TAVR),NR,NR / NR / -,0.7% / 0.9% / NS,5.5% / 6.7% / 0.569,NR,4.9% / 1.5% / <0.001,29.2% / 10.8% / <0.001,16.9 ± 6.2 mmHg / 12.5 ± 4.9 / <0.001,NR,NR,NR / NR / -,no,中央値 955 日 (生存者); 5年
Otto_2020ACCAHAVHDExecSummary_JACC_2021,Otto CM,2021,JACC,n/a,no,n/a,ranged (small aortic annulus を Table 24 と SAVR vs TAVI decision-table で明示),ranged,Aortic root enlargement (AAE) — Decision table で 'annular enlargement might be considered for concern of PPM' と明文記載; Comprehensive Valve Center で行うべき手技,NR,NR,NR,NR,NR,NR,NR,NR,NR,NR,NR,yes,n/a
Otto_2020ACCAHAVHDGuideline_Circulation_2021,Otto CM,2021,Circulation,n/a,no,n/a,ranged (定義なし、'small aortic annulus' を Figure 3 と Table 24 で明示),ranged (mechanical / bioprosthetic / TAVI),Aortic root enlargement (AAE) は Comprehensive Valve Center で行う手技として明記 (Table 5 institutional referral); AVR と組み合わせて施行可能,NR,NR,NR,NR,NR,NR,NR,NR,NR,NR,NR,yes,n/a
Ozcelik_SevereMRAfterYIncisionCaseReport_JCardiothoracSurg_2026,Safa Özçelik,2026,JCardiothoracSurg,1,no,1.77 m²,<19mm (19mm prosthesis 不通過),mechanical,Y-incision,NR,0,0,0,0,NR,NR,NR,NR,NR,NR,no,50 day re-op
Pibarot_FallacyIEOAChartPPMPrediction_EHJCardiovascImag_2020,Bilkhu R,2020,EHJ Cardiovasc Imaging,494,no,mixed,mixed,bioprosthetic + mechanical (各サイズ),NA,NR,NR,NR,NR,NR,NR,NR,NR,NR,NR,NR,no,in-hospital + discharge echo
Pibarot_PPMConceptToCompellingEvidence_JACC_2012,Pibarot P,2012,JACC,N/A (review),partial (Japanese citations: Yoshikawa 2008),N/A,N/A (concept paper),All prosthetic types (concept),AAE は古典的予防策として議論,NR,NR,NR,NR,NR,NR,NR,NR,NR,NR,NR,no,N/A
Pibarot_PPMDefinitionClinicalImpactPrevention_Heart_2006,Pibarot P,2006,Heart,n/a (review),partial,mixed (例として 1.5 vs 2.5 m² を提示),mixed (全例言及あり),bioprosthetic + mechanical + stentless (12 弁モデル),言及あり (root enlargement = PPM 予防の Option 2),NR,NR,NR,NR,NR,NR,NR,NR,NR,NR,NR,no,n/a
Pibarot_PPMHemodynamicClinical_JACC_2000,Pibarot P,2000,JACC,N/A,no,N/A,N/A（レビュー）,"stented/stentless bioprosthesis, mechanical（横断的議論）","言及あり（aortic root enlargement, supraannular implantation, stentless, homograft, Ross）",NR,レビューで他研究を引用、NR集約値,NR,NR,NR,レビュー集約: stented biopro で頻発,集約 up to 52%,iEOA ≤0.85: 22±8 mmHg; ≤0.65: 33±2 mmHg,NR,iEOA <0.75 cm²/m² 群 12年 75±5% vs 84±2% (Rao et al.),NR,no,N/A
Ribeiro_VIVIDCoronaryObstruction_EHJ_2018,Ribeiro HB,2018,EHJ,1;612 aortic ViV; 37 coronary obstruction (2.3%); CT corelab subset 20+90,no (主に欧米、 1612 例の global cohort),BMI overall 27 (CO group 27.8±4.8); 詳細 BSA はテキスト断片に明示なし,外科弁 type（stented internal vs external leaflet vs stentless）、VTC distance（4mm cutoff）,TAVI (BE と SE 混在) inside failed bioprosthesis,なし,NR,48.6% (18/37) — 本文中の analysis-based; abstract 52.9%,NR,NR,NR,NR,NR,NR,47.8% (vs much higher in controls),NR,NR,yes (coronary obstruction は ViV 特有の合併症),30-day + median 460 days (IQR 361-1014)
RodesCabau_VIVATrialSmallAnnulus_Circulation_2024,Rodés-Cabau J,2024,Circulation,151 (TAVR 77; SAVR 74); 156 randomized; 5 excluded,"no (Canada, Europe, Brazil の 15 centers)","TAVR 1.69±0.18, SAVR 1.73±0.19 m²","mean diameter <23mm (CT), minimal ≤21.5mm; median 21.1mm (IQR 20.4–22.0)","TAVI (SAPIEN 3/Ultra, Evolut R/Pro/Pro+/FX, Acurate neo/neo2) vs SAVR (modern bioprosthesis, sutureless 多用 + AAE 任意)",AAE は surgeon discretion (SAVR 群、実施率は本文では明示せず),NR,1 (1.3%) / 1 (1.4%) / p=1.00 (Δ 0.05%),0 (0%) / 2 (2.7%) / p=0.24,NR (本文断片) / NR / NR (本文では differences なしと記載),NR / NR / NR,4 (5.6%) / 7 (10.3%) / p=0.30 (NS),NR / NR / NR,NR (本文断片) / NR / NR,NR,NR (FU 進行中) / NR / —,NR / NR / —,no（trial の primary focus でない）,median 2 years (IQR 1–4); 計画 5 年
Ruge_BVFPerimountREDUCE_CCI_2025,Ruge H,2025,CCI,240 patients (no postdil 116; standard postdil 88; BVF 36),"no (Europe, 6 sites)",NR (median BMI 26),Perimount P 2900 true ID ≤21mm: 144/240 (60%),"TAVI in Perimount (Edwards) SAVR; SEV 60%, BEV 40%",Bioprosthetic Valve Fracturing (BVF) vs standard postdilation vs no postdilation,NR,6.7% (approx),NR (本文断片),NR,NR,NR,NR,30日測定、群別解析（具体数本文断片外）,NR,NR,NR,yes（中心）,30-day primary
Santarpino_SURDIROperativeOutcomes_EJCTS_2019,Santarpino G,2019,EJCTS,2057,no,BMI 26.6 (overall); BSA 直接報告なし,BAV 5.7% を含む isolated AVR; valve size 全範囲,sutureless (Perceval 75.9%) + rapid-deployment (Intuity 24.1%),n/a,NR,NR,1.8% / 2.8% / 1.1% / 3.9% / 0.2,7.3% / 9.7% / 7.9% / 7.1% / 0.5,3.0% / 2.2% / 2.6% / 8.4% / 0.4,NR,NR,13.0 / 13.4 / 13.6 / 13.7 / n.s.,NR,NR,NR,partial,in-hospital のみ
Shishido_SexEffectMortalityTAVI_CircJ_2021,Shishido K,2021,CircJ,2588,yes,"全体 1.43 m²; 女性 1.36, 男性 1.59",全 TAVR (annulus 規定なし、ただし女性 BSA 1.36 m²),"SAPIEN XT/3 (87%), CoreValve/Evolut R",N/A (TAVR),NR,1.7% / 2.0% / 0.548,1.5% / 1.6% / 0.863,8.6% / 7.0% / 0.186,NR,NR (具体値) / NR / -,11.8% / 10.7% / 0.457,11.3 mmHg / 9.7 mmHg / <0.001,NR,KM 図で女性優位 (P<0.001) / - / -,NR / NR / -,no,中央値 659 日
Simonato_ViVImplantationDepth_CircCardiovascInterv_2016,Simonato M,2016,Circ Cardiovasc Interv,292 patients (CoreValve 157; Sapien XT 135),no,"1.86±0.23 m² (CoreValve), 1.86±0.23 m² (Sapien XT)","外科弁 label size ≤21mm: CoreValve 46.5%, Sapien XT 23%","TAVI (CoreValve Evolut 157, Sapien XT 135) inside failed bioprosthesis",なし,NR,NR difference / NR,NR,NR difference / NR,NR,NR,NR,NR,NR,NR,NR,yes（中心テーマ）,30-day clinical + 1-year mortality（implant depth と gradient の関係）
Tabata_InterruptedSuturingSmallSupraAnnular_JTCVS_2014,Tabata M,2014,JTCVS,152,yes,"1.45 m² (group A), 1.49 m² (group B)","20.5 mm (group A, interrupted) vs 22.0 mm (group B, mattress); 19/21mm valve 装着",Carpentier-Edwards Perimount Magna 19 or 21mm (supra-annular bioprosthesis),**除外** (aortic root replacement / annular enlargement 患者は除外),NR,NR / NR / -,NR / NR / -,NR / NR / -,NR / NR / -,3.9% / 6.0% / 0.684,NR,NR (mean EOA 1.42 vs 1.30 cm²; P=0.025) / - / -,NR / NR / -,NR / NR / -,NR / NR / -,no,1 年
Truesdell_AorticRootDimensionsPostYIncision_AnnCardiothoracSurg_2024,William Truesdell,2024,AnnCardiothoracSurg,45,no,2.0±0.3 m²,17-25mm,bioprosthetic,Y-incision,NR,NR,NR,NR,NR,NR,NR,NR,NR,NR,NR,yes,imaging endpoint
Vahanian_2021ESCEACTSVHDGuideline_EHJ_2022,Vahanian A,2022,EHJ,n/a,no,n/a,small aortic annulus を本文 5.2.3 で明示; PPM cutoff AVA <0.65 cm²/m² を Table 6 で採用,ranged,Aortic root enlargement を本文 11.3 で明記: 'Strategies for patients with small aortic annulus include root enlargement and use of stentless valves' (Class/LOE 付与なし); SURD valves に短い言及,NR,NR,NR,NR,NR,NR,NR,NR,NR,NR,NR,yes,n/a
Wang_YIncisionNewRoofTechnique_JTCVSTech_2025,Guan-Xi Wang,2025,JTCVSTech,53,yes,not specified (weight 59-124kg),15-23mm,mixed,Y-incision + new roof,NR,0 / 0,NR / NR,NR / NR,NR / NR,NR,NR,NR (peak velocity 1.5-2.5 m/s) / 同上,NR,NR,NR,yes,in-hospital
Yang_5MisconceptionsYIncisionAAE_AnnThoracSurg_2026,Bo Yang,2026,AnnThoracSurg,229,no,not specified,mixed,mixed,Y-incision,NR,NR,NR,NR,NR,NR,NR,5 mmHg,NR,NR,NR,yes,up to 5+ yr
Yang_ArcModificationPatch_AnnThoracSurgShortRep_2025,Bo Yang,2025,AnnThoracSurgShortRep,17,no,not specified,21mm (case),bioprosthetic,Y-incision,NR,NR (n=17 short-term favorable と記載),NR,NR,NR,NR,NR,NR,NR,NR,NR,no,short-term
Yang_UpdatesYIncisionAAE_AnnCardiothoracSurg_2024,Bo Yang,2024,AnnCardiothoracSurg,1,no,not specified,mixed,bioprosthetic,Y-incision,NR,NR,NR,NR,NR,NR,NR,post-CPB 6 mmHg → 3ヶ月 5 mmHg,NR,NR,NR,yes,3 mo
Yang_YIncisionEarlyOutcomes3to4ValveSizes_JTCVS_2024,Bo Yang,2024,JTCVS,50,no,mixed,mixed,bioprosthetic,Y-incision,NR,0%,2% (exacerbation 1例),0%,0%,NR (iEOA postop 1.0 cm²/m²),NR,7 mmHg (5-8),100%,NR,NR,yes,median 18 mo
Yang_YIncisionRectangularPatch_AnnCardiothoracSurg_2024,Bo Yang,2024,AnnCardiothoracSurg,142,no,not specified,mixed,mixed,Y-incision,NR,1/142 (0.7%) (radiation + redo MVR+CABG+Maze 患者が POD35 mesenteric ischemia 死亡),1 (exacerbation),2 (1 例は endocarditis + Gerbode fistula),NR,NR,NR,6-7 mmHg,NR,NR,NR,yes,up to 2 yr
Yashima_OCEANTAVIExtremelySmallAnnulus_IntJCardiol_2017,Yashima F,2017,IntJCardiol,511,yes,"1.26 m² (20mm group), 1.37 m² (23mm group)",Extremely small (<314 mm² annular area on MDCT),Edwards SAPIEN XT 20mm vs 23mm (BE),N/A (TAVR),NR,5.3% / 2.4% / 0.39,0% / 2.6% / 1.00,10.5% / 4.9% / 0.25,NR,0% / 0.4% / 1.00,31.6% / 7.9% / <0.01,15.4 ± 4.0 mmHg / 11.4 ± 4.0 / <0.01,NR / NR / -,NR / NR / -,NR / NR / -,no,6 ヶ月
Yin_YIncisionAfterTAVIExplant_AnnCardiothoracSurg_2025,Kanhua Yin,2025,AnnCardiothoracSurg,1,no,not specified,19mm,bioprosthetic,Y-incision,NR,0 / 0.8% (1/119),0 / 0.8% (1/119),0 / 1.6% (2/119),0 / 0%,NR,NR,7 mmHg / 6-7 mmHg,NR,NR,NR,yes,post-discharge
Yin_YIncisionAnomalousLCX_EJCTS_2025,Kanhua Yin,2025,EJCTS,1,no,1.77 m² (index case),17-25mm (institutional 4 例),bioprosthetic,Y-incision,NR,0/4,0/4,0/4,0/4,0,NR,NR,NR,NR,NR,no,up to 3 yr
Zhao_RegentMechValveSmallAnnulus3yr_JCardiothoracSurg_2012,Zhao D,2012,JCardiothoracSurg,40,yes,"1.61 ± 0.26 m² (全体); group 1 (17mm) 1.53 m², group 2 (19mm) 不明",≤19 mm (mean 18 ± 1.4 mm),St. Jude Medical Regent mechanical valve 17mm or 19mm (supra-annular bileaflet),**AAE 不使用** (AAE 回避戦略として Regent 弁を選択),NR,0% / 0%,0 / 1 (early non-fatal CVA),NR / NR,0 (no renal failure) / 0,NR (EOA 0.77 と 0.83 = ボーダー) / 0%,2 (11.1%) / 0%,13.7 ± 5.2 mmHg (from 46.1) / 10.8 ± 4.1 (from 44.0),NR,NR / NR,NR / NR,no,36 ± 17.6 ヶ月
_IntegratedReview_SmallAnnulusAVR_2026,CVS_Journal_Research project (small_annulus_avr collection),2026,,NR,,,,,,NR,NR,NR,NR,NR,NR,NR,NR,NR,NR,NR,,
